1,0
2,0
3,0
4,0
5,0
6,0
7,0
8,0
9,0
10,0
11,0
12,0
13,0
14,0
15,0
16,0
17,0
18,0
19,0
20,0
21,0
22,0
23,0
24,0
25,0
26,0
27,0
28,0
29,0
30,0
31,0
32,0
33,0
34,0
35,0.000001
36,0.000013
37,0.000044
38,0.000099
39,0.000182
40,0.000297
41,0.000445
42,0.000628
43,0.000847
44,0.0011
45,0.00139
46,0.00172
47,0.00208
48,0.00248
49,0.00291
50,0.00337
51,0.00387
52,0.0044
53,0.00496
54,0.00555
55,0.00617
56,0.00682
57,0.00749
58,0.0082
59,0.00892
60,0.00967
61,0.0105
62,0.0112
63,0.0121
64,0.0129
65,0.0138
66,0.0147
67,0.0156
68,0.0165
69,0.0174
70,0.0184
71,0.0193
72,0.0203
73,0.0213
74,0.0223
75,0.0234
76,0.0244
77,0.0255
78,0.0265
79,0.0276
80,0.0287
81,0.0298
82,0.0309
83,0.032
84,0.0332
85,0.0343
86,0.0355
87,0.0366
88,0.0378
89,0.039
90,0.0401
91,0.0413
92,0.0425
93,0.0437
94,0.0449
95,0.0461
96,0.0474
97,0.0486
98,0.0498
99,0.0511
100,0.0523
101,0.0535
102,0.0548
103,0.056
104,0.0573
105,0.0585
106,0.0598
107,0.0611
108,0.0623
109,0.0636
110,0.0649
111,0.0662
112,0.0674
113,0.0687
114,0.07
115,0.0713
116,0.0726
117,0.0739
118,0.0752
119,0.0764
120,0.0777
121,0.079
122,0.0803
123,0.0816
124,0.0829
125,0.0842
126,0.0855
127,0.0868
128,0.0881
129,0.0894
130,0.0907
131,0.092
132,0.0933
133,0.0946
134,0.0959
135,0.0972
136,0.0985
137,0.0998
138,0.101
139,0.102
140,0.104
141,0.105
142,0.106
143,0.108
144,0.109
145,0.11
146,0.112
147,0.113
148,0.114
149,0.115
150,0.117
151,0.118
152,0.119
153,0.121
154,0.122
155,0.123
156,0.124
157,0.126
158,0.127
159,0.128
160,0.13
161,0.131
162,0.132
163,0.133
164,0.135
165,0.136
166,0.137
167,0.139
168,0.14
169,0.141
170,0.142
171,0.144
172,0.145
173,0.146
174,0.147
175,0.149
176,0.15
177,0.151
178,0.152
179,0.154
180,0.155
181,0.156
182,0.157
183,0.159
184,0.16
185,0.161
186,0.162
187,0.164
188,0.165
189,0.166
190,0.167
191,0.169
192,0.17
193,0.171
194,0.172
195,0.174
196,0.175
197,0.176
198,0.177
199,0.178
200,0.18
201,0.181
202,0.182
203,0.183
204,0.185
205,0.186
206,0.187
207,0.188
208,0.189
209,0.191
210,0.192
211,0.193
212,0.194
213,0.195
214,0.197
215,0.198
216,0.199
217,0.2
218,0.201
219,0.202
220,0.204
221,0.205
222,0.206
223,0.207
224,0.208
225,0.21
226,0.211
227,0.212
228,0.213
229,0.214
230,0.215
231,0.217
232,0.218
233,0.219
234,0.22
235,0.221
236,0.222
237,0.223
238,0.225
239,0.226
240,0.227
241,0.228
242,0.229
243,0.23
244,0.231
245,0.233
246,0.234
247,0.235
248,0.236
249,0.237
250,0.238
251,0.239
252,0.24
253,0.242
254,0.243
255,0.244
256,0.245
257,0.246
258,0.247
259,0.248
260,0.249
261,0.251
262,0.252
263,0.253
264,0.254
265,0.255
266,0.256
267,0.257
268,0.258
269,0.259
270,0.26
271,0.261
272,0.263
273,0.264
274,0.265
275,0.266
276,0.267
277,0.268
278,0.269
279,0.27
280,0.271
281,0.272
282,0.273
283,0.274
284,0.275
285,0.276
286,0.278
287,0.279
288,0.28
289,0.281
290,0.282
291,0.283
292,0.284
293,0.285
294,0.286
295,0.287
296,0.288
297,0.289
298,0.29
299,0.291
300,0.292
301,0.293
302,0.294
303,0.295
304,0.296
305,0.297
306,0.298
307,0.299
308,0.3
309,0.301
310,0.302
311,0.303
312,0.304
313,0.305
314,0.307
315,0.308
316,0.309
317,0.31
318,0.311
319,0.312
320,0.313
321,0.314
322,0.315
323,0.316
324,0.317
325,0.318
326,0.319
327,0.32
328,0.321
329,0.321
330,0.322
331,0.323
332,0.324
333,0.325
334,0.326
335,0.327
336,0.328
337,0.329
338,0.33
339,0.331
340,0.332
341,0.333
342,0.334
343,0.335
344,0.336
345,0.337
346,0.338
347,0.339
348,0.34
349,0.341
350,0.342
351,0.343
352,0.344
353,0.345
354,0.346
355,0.347
356,0.348
357,0.349
358,0.349
359,0.35
360,0.351
361,0.352
362,0.353
363,0.354
364,0.355
365,0.356
366,0.357
367,0.358
368,0.359
369,0.36
370,0.361
371,0.362
372,0.362
373,0.363
374,0.364
375,0.365
376,0.366
377,0.367
378,0.368
379,0.369
380,0.37
381,0.371
382,0.372
383,0.373
384,0.373
385,0.374
386,0.375
387,0.376
388,0.377
389,0.378
390,0.379
391,0.38
392,0.381
393,0.382
394,0.382
395,0.383
396,0.384
397,0.385
398,0.386
399,0.387
400,0.388
401,0.389
402,0.39
403,0.39
404,0.391
405,0.392
406,0.393
407,0.394
408,0.395
409,0.396
410,0.397
411,0.397
412,0.398
413,0.399
414,0.4
415,0.401
416,0.402
417,0.403
418,0.403
419,0.404
420,0.405
421,0.406
422,0.407
423,0.408
424,0.409
425,0.409
426,0.41
427,0.411
428,0.412
429,0.413
430,0.414
431,0.415
432,0.415
433,0.416
434,0.417
435,0.418
436,0.419
437,0.42
438,0.42
439,0.421
440,0.422
441,0.423
442,0.424
443,0.425
444,0.425
445,0.426
446,0.427
447,0.428
448,0.429
449,0.43
450,0.43
451,0.431
452,0.432
453,0.433
454,0.434
455,0.434
456,0.435
457,0.436
458,0.437
459,0.438
460,0.439
461,0.439
462,0.44
463,0.441
464,0.442
465,0.443
466,0.443
467,0.444
468,0.445
469,0.446
470,0.447
471,0.447
472,0.448
473,0.449
474,0.45
475,0.451
476,0.451
477,0.452
478,0.453
479,0.454
480,0.454
481,0.455
482,0.456
483,0.457
484,0.458
485,0.458
486,0.459
487,0.46
488,0.461
489,0.462
490,0.462
491,0.463
492,0.464
493,0.465
494,0.465
495,0.466
496,0.467
497,0.468
498,0.468
499,0.469
500,0.47
501,0.471
502,0.472
503,0.472
504,0.473
505,0.474
506,0.475
507,0.475
508,0.476
509,0.477
510,0.478
511,0.478
512,0.479
513,0.48
514,0.481
515,0.481
516,0.482
517,0.483
518,0.484
519,0.484
520,0.485
521,0.486
522,0.487
523,0.487
524,0.488
525,0.489
526,0.49
527,0.49
528,0.491
529,0.492
530,0.493
531,0.493
532,0.494
533,0.495
534,0.496
535,0.496
536,0.497
537,0.498
538,0.498
539,0.499
540,0.5
541,0.501
542,0.501
543,0.502
544,0.503
545,0.504
546,0.504
547,0.505
548,0.506
549,0.506
550,0.507
551,0.508
552,0.509
553,0.509
554,0.51
555,0.511
556,0.511
557,0.512
558,0.513
559,0.514
560,0.514
561,0.515
562,0.516
563,0.516
564,0.517
565,0.518
566,0.519
567,0.519
568,0.52
569,0.521
570,0.521
571,0.522
572,0.523
573,0.523
574,0.524
575,0.525
576,0.526
577,0.526
578,0.527
579,0.528
580,0.528
581,0.529
582,0.53
583,0.53
584,0.531
585,0.532
586,0.532
587,0.533
588,0.534
589,0.534
590,0.535
591,0.536
592,0.537
593,0.537
594,0.538
595,0.539
596,0.539
597,0.54
598,0.541
599,0.541
600,0.542
601,0.543
602,0.543
603,0.544
604,0.545
605,0.545
606,0.546
607,0.547
608,0.547
609,0.548
610,0.549
611,0.549
612,0.55
613,0.551
614,0.551
615,0.552
616,0.553
617,0.553
618,0.554
619,0.555
620,0.555
621,0.556
622,0.557
623,0.557
624,0.558
625,0.559
626,0.559
627,0.56
628,0.561
629,0.561
630,0.562
631,0.563
632,0.563
633,0.564
634,0.564
635,0.565
636,0.566
637,0.566
638,0.567
639,0.568
640,0.568
641,0.569
642,0.57
643,0.57
644,0.571
645,0.572
646,0.572
647,0.573
648,0.573
649,0.574
650,0.575
651,0.575
652,0.576
653,0.577
654,0.577
655,0.578
656,0.579
657,0.579
658,0.58
659,0.58
660,0.581
661,0.582
662,0.582
663,0.583
664,0.584
665,0.584
666,0.585
667,0.586
668,0.586
669,0.587
670,0.587
671,0.588
672,0.589
673,0.589
674,0.59
675,0.59
676,0.591
677,0.592
678,0.592
679,0.593
680,0.594
681,0.594
682,0.595
683,0.595
684,0.596
685,0.597
686,0.597
687,0.598
688,0.598
689,0.599
690,0.6
691,0.6
692,0.601
693,0.602
694,0.602
695,0.603
696,0.603
697,0.604
698,0.605
699,0.605
700,0.606
701,0.606
702,0.607
703,0.608
704,0.608
705,0.609
706,0.609
707,0.61
708,0.611
709,0.611
710,0.612
711,0.612
712,0.613
713,0.614
714,0.614
715,0.615
716,0.615
717,0.616
718,0.617
719,0.617
720,0.618
721,0.618
722,0.619
723,0.619
724,0.62
725,0.621
726,0.621
727,0.622
728,0.622
729,0.623
730,0.624
731,0.624
732,0.625
733,0.625
734,0.626
735,0.626
736,0.627
737,0.628
738,0.628
739,0.629
740,0.629
741,0.63
742,0.631
743,0.631
744,0.632
745,0.632
746,0.633
747,0.633
748,0.634
749,0.635
750,0.635
751,0.636
752,0.636
753,0.637
754,0.637
755,0.638
756,0.639
757,0.639
758,0.64
759,0.64
760,0.641
761,0.641
762,0.642
763,0.643
764,0.643
765,0.644
766,0.644
767,0.645
768,0.645
769,0.646
770,0.646
771,0.647
772,0.648
773,0.648
774,0.649
775,0.649
776,0.65
777,0.65
778,0.651
779,0.651
780,0.652
781,0.653
782,0.653
783,0.654
784,0.654
785,0.655
786,0.655
787,0.656
788,0.656
789,0.657
790,0.658
791,0.658
792,0.659
793,0.659
794,0.66
795,0.66
796,0.661
797,0.661
798,0.662
799,0.662
800,0.663
801,0.664
802,0.664
803,0.665
804,0.665
805,0.666
806,0.666
807,0.667
808,0.667
809,0.668
810,0.668
811,0.669
812,0.669
813,0.67
814,0.671
815,0.671
816,0.672
817,0.672
818,0.673
819,0.673
820,0.674
821,0.674
822,0.675
823,0.675
824,0.676
825,0.676
826,0.677
827,0.677
828,0.678
829,0.679
830,0.679
831,0.68
832,0.68
833,0.681
834,0.681
835,0.682
836,0.682
837,0.683
838,0.683
839,0.684
840,0.684
841,0.685
842,0.685
843,0.686
844,0.686
845,0.687
846,0.687
847,0.688
848,0.689
849,0.689
850,0.69
851,0.69
852,0.691
853,0.691
854,0.692
855,0.692
856,0.693
857,0.693
858,0.694
859,0.694
860,0.695
861,0.695
862,0.696
863,0.696
864,0.697
865,0.697
866,0.698
867,0.698
868,0.699
869,0.699
870,0.7
871,0.7
872,0.701
873,0.701
874,0.702
875,0.702
876,0.703
877,0.703
878,0.704
879,0.704
880,0.705
881,0.705
882,0.706
883,0.706
884,0.707
885,0.707
886,0.708
887,0.708
888,0.709
889,0.709
890,0.71
891,0.71
892,0.711
893,0.711
894,0.712
895,0.712
896,0.713
897,0.713
898,0.714
899,0.714
900,0.715
901,0.715
902,0.716
903,0.716
904,0.717
905,0.717
906,0.718
907,0.718
908,0.719
909,0.719
910,0.72
911,0.72
912,0.721
913,0.721
914,0.722
915,0.722
916,0.723
917,0.723
918,0.724
919,0.724
920,0.725
921,0.725
922,0.726
923,0.726
924,0.727
925,0.727
926,0.728
927,0.728
928,0.729
929,0.729
930,0.729
931,0.73
932,0.73
933,0.731
934,0.731
935,0.732
936,0.732
937,0.733
938,0.733
939,0.734
940,0.734
941,0.735
942,0.735
943,0.736
944,0.736
945,0.737
946,0.737
947,0.738
948,0.738
949,0.739
950,0.739
951,0.739
952,0.74
953,0.74
954,0.741
955,0.741
956,0.742
957,0.742
958,0.743
959,0.743
960,0.744
961,0.744
962,0.745
963,0.745
964,0.746
965,0.746
966,0.747
967,0.747
968,0.747
969,0.748
970,0.748
971,0.749
972,0.749
973,0.75
974,0.75
975,0.751
976,0.751
977,0.752
978,0.752
979,0.753
980,0.753
981,0.753
982,0.754
983,0.754
984,0.755
985,0.755
986,0.756
987,0.756
988,0.757
989,0.757
990,0.758
991,0.758
992,0.759
993,0.759
994,0.759
995,0.76
996,0.76
997,0.761
998,0.761
999,0.762
1000,0.762
1001,0.763
1002,0.763
1003,0.764
1004,0.764
1005,0.764
1006,0.765
1007,0.765
1008,0.766
1009,0.766
1010,0.767
1011,0.767
1012,0.768
1013,0.768
1014,0.768
1015,0.769
1016,0.769
1017,0.77
1018,0.77
1019,0.771
1020,0.771
1021,0.772
1022,0.772
1023,0.772
1024,0.773
1025,0.773
1026,0.774
1027,0.774
1028,0.775
1029,0.775
1030,0.776
1031,0.776
1032,0.776
1033,0.777
1034,0.777
1035,0.778
1036,0.778
1037,0.779
1038,0.779
1039,0.78
1040,0.78
1041,0.78
1042,0.781
1043,0.781
1044,0.782
1045,0.782
1046,0.783
1047,0.783
1048,0.783
1049,0.784
1050,0.784
1051,0.785
1052,0.785
1053,0.786
1054,0.786
1055,0.787
1056,0.787
1057,0.787
1058,0.788
1059,0.788
1060,0.789
1061,0.789
1062,0.79
1063,0.79
1064,0.79
1065,0.791
1066,0.791
1067,0.792
1068,0.792
1069,0.793
1070,0.793
1071,0.793
1072,0.794
1073,0.794
1074,0.795
1075,0.795
1076,0.796
1077,0.796
1078,0.796
1079,0.797
1080,0.797
1081,0.798
1082,0.798
1083,0.799
1084,0.799
1085,0.799
1086,0.8
1087,0.8
1088,0.801
1089,0.801
1090,0.801
1091,0.802
1092,0.802
1093,0.803
1094,0.803
1095,0.804
1096,0.804
1097,0.804
1098,0.805
1099,0.805
1100,0.806
1101,0.806
1102,0.806
1103,0.807
1104,0.807
1105,0.808
1106,0.808
1107,0.809
1108,0.809
1109,0.809
1110,0.81
1111,0.81
1112,0.811
1113,0.811
1114,0.811
1115,0.812
1116,0.812
1117,0.813
1118,0.813
1119,0.814
1120,0.814
1121,0.814
1122,0.815
1123,0.815
1124,0.816
1125,0.816
1126,0.816
1127,0.817
1128,0.817
1129,0.818
1130,0.818
1131,0.818
1132,0.819
1133,0.819
1134,0.82
1135,0.82
1136,0.82
1137,0.821
1138,0.821
1139,0.822
1140,0.822
1141,0.823
1142,0.823
1143,0.823
1144,0.824
1145,0.824
1146,0.825
1147,0.825
1148,0.825
1149,0.826
1150,0.826
1151,0.827
1152,0.827
1153,0.827
1154,0.828
1155,0.828
1156,0.829
1157,0.829
1158,0.829
1159,0.83
1160,0.83
1161,0.831
1162,0.831
1163,0.831
1164,0.832
1165,0.832
1166,0.833
1167,0.833
1168,0.833
1169,0.834
1170,0.834
1171,0.834
1172,0.835
1173,0.835
1174,0.836
1175,0.836
1176,0.836
1177,0.837
1178,0.837
1179,0.838
1180,0.838
1181,0.838
1182,0.839
1183,0.839
1184,0.84
1185,0.84
1186,0.84
1187,0.841
1188,0.841
1189,0.842
1190,0.842
1191,0.842
1192,0.843
1193,0.843
1194,0.844
1195,0.844
1196,0.844
1197,0.845
1198,0.845
1199,0.845
1200,0.846
1201,0.846
1202,0.847
1203,0.847
1204,0.847
1205,0.848
1206,0.848
1207,0.849
1208,0.849
1209,0.849
1210,0.85
1211,0.85
1212,0.85
1213,0.851
1214,0.851
1215,0.852
1216,0.852
1217,0.852
1218,0.853
1219,0.853
1220,0.854
1221,0.854
1222,0.854
1223,0.855
1224,0.855
1225,0.855
1226,0.856
1227,0.856
1228,0.857
1229,0.857
1230,0.857
1231,0.858
1232,0.858
1233,0.858
1234,0.859
1235,0.859
1236,0.86
1237,0.86
1238,0.86
1239,0.861
1240,0.861
1241,0.861
1242,0.862
1243,0.862
1244,0.863
1245,0.863
1246,0.863
1247,0.864
1248,0.864
1249,0.864
1250,0.865
1251,0.865
1252,0.866
1253,0.866
1254,0.866
1255,0.867
1256,0.867
1257,0.867
1258,0.868
1259,0.868
1260,0.869
1261,0.869
1262,0.869
1263,0.87
1264,0.87
1265,0.87
1266,0.871
1267,0.871
1268,0.872
1269,0.872
1270,0.872
1271,0.873
1272,0.873
1273,0.873
1274,0.874
1275,0.874
1276,0.874
1277,0.875
1278,0.875
1279,0.876
1280,0.876
1281,0.876
1282,0.877
1283,0.877
1284,0.877
1285,0.878
1286,0.878
1287,0.878
1288,0.879
1289,0.879
1290,0.88
1291,0.88
1292,0.88
1293,0.881
1294,0.881
1295,0.881
1296,0.882
1297,0.882
1298,0.882
1299,0.883
1300,0.883
1301,0.884
1302,0.884
1303,0.884
1304,0.885
1305,0.885
1306,0.885
1307,0.886
1308,0.886
1309,0.886
1310,0.887
1311,0.887
1312,0.887
1313,0.888
1314,0.888
1315,0.889
1316,0.889
1317,0.889
1318,0.89
1319,0.89
1320,0.89
1321,0.891
1322,0.891
1323,0.891
1324,0.892
1325,0.892
1326,0.892
1327,0.893
1328,0.893
1329,0.894
1330,0.894
1331,0.894
1332,0.895
1333,0.895
1334,0.895
1335,0.896
1336,0.896
1337,0.896
1338,0.897
1339,0.897
1340,0.897
1341,0.898
1342,0.898
1343,0.898
1344,0.899
1345,0.899
1346,0.899
1347,0.9
1348,0.9
1349,0.901
1350,0.901
1351,0.901
1352,0.902
1353,0.902
1354,0.902
1355,0.903
1356,0.903
1357,0.903
1358,0.904
1359,0.904
1360,0.904
1361,0.905
1362,0.905
1363,0.905
1364,0.906
1365,0.906
1366,0.906
1367,0.907
1368,0.907
1369,0.907
1370,0.908
1371,0.908
1372,0.908
1373,0.909
1374,0.909
1375,0.91
1376,0.91
1377,0.91
1378,0.911
1379,0.911
1380,0.911
1381,0.912
1382,0.912
1383,0.912
1384,0.913
1385,0.913
1386,0.913
1387,0.914
1388,0.914
1389,0.914
1390,0.915
1391,0.915
1392,0.915
1393,0.916
1394,0.916
1395,0.916
1396,0.917
1397,0.917
1398,0.917
1399,0.918
1400,0.918
1401,0.918
1402,0.919
1403,0.919
1404,0.919
1405,0.92
1406,0.92
1407,0.92
1408,0.921
1409,0.921
1410,0.921
1411,0.922
1412,0.922
1413,0.922
1414,0.923
1415,0.923
1416,0.923
1417,0.924
1418,0.924
1419,0.924
1420,0.925
1421,0.925
1422,0.925
1423,0.926
1424,0.926
1425,0.926
1426,0.927
1427,0.927
1428,0.927
1429,0.928
1430,0.928
1431,0.928
1432,0.929
1433,0.929
1434,0.929
1435,0.93
1436,0.93
1437,0.93
1438,0.931
1439,0.931
1440,0.931
1441,0.932
1442,0.932
1443,0.932
1444,0.933
1445,0.933
1446,0.933
1447,0.934
1448,0.934
1449,0.934
1450,0.935
1451,0.935
1452,0.935
1453,0.936
1454,0.936
1455,0.936
1456,0.937
1457,0.937
1458,0.937
1459,0.937
1460,0.938
1461,0.938
1462,0.938
1463,0.939
1464,0.939
1465,0.939
1466,0.94
1467,0.94
1468,0.94
1469,0.941
1470,0.941
1471,0.941
1472,0.942
1473,0.942
1474,0.942
1475,0.943
1476,0.943
1477,0.943
1478,0.944
1479,0.944
1480,0.944
1481,0.945
1482,0.945
1483,0.945
1484,0.946
1485,0.946
1486,0.946
1487,0.946
1488,0.947
1489,0.947
1490,0.947
1491,0.948
1492,0.948
1493,0.948
1494,0.949
1495,0.949
1496,0.949
1497,0.95
1498,0.95
1499,0.95
1500,0.951
1501,0.951
1502,0.951
1503,0.952
1504,0.952
1505,0.952
1506,0.952
1507,0.953
1508,0.953
1509,0.953
1510,0.954
1511,0.954
1512,0.954
1513,0.955
1514,0.955
1515,0.955
1516,0.956
1517,0.956
1518,0.956
1519,0.957
1520,0.957
1521,0.957
1522,0.958
1523,0.958
1524,0.958
1525,0.958
1526,0.959
1527,0.959
1528,0.959
1529,0.96
1530,0.96
1531,0.96
1532,0.961
1533,0.961
1534,0.961
1535,0.962
1536,0.962
1537,0.962
1538,0.962
1539,0.963
1540,0.963
1541,0.963
1542,0.964
1543,0.964
1544,0.964
1545,0.965
1546,0.965
1547,0.965
1548,0.966
1549,0.966
1550,0.966
1551,0.966
1552,0.967
1553,0.967
1554,0.967
1555,0.968
1556,0.968
1557,0.968
1558,0.969
1559,0.969
1560,0.969
1561,0.97
1562,0.97
1563,0.97
1564,0.97
1565,0.971
1566,0.971
1567,0.971
1568,0.972
1569,0.972
1570,0.972
1571,0.973
1572,0.973
1573,0.973
1574,0.973
1575,0.974
1576,0.974
1577,0.974
1578,0.975
1579,0.975
1580,0.975
1581,0.976
1582,0.976
1583,0.976
1584,0.976
1585,0.977
1586,0.977
1587,0.977
1588,0.978
1589,0.978
1590,0.978
1591,0.979
1592,0.979
1593,0.979
1594,0.979
1595,0.98
1596,0.98
1597,0.98
1598,0.981
1599,0.981
1600,0.981
1601,0.982
1602,0.982
1603,0.982
1604,0.982
1605,0.983
1606,0.983
1607,0.983
1608,0.984
1609,0.984
1610,0.984
1611,0.984
1612,0.985
1613,0.985
1614,0.985
1615,0.986
1616,0.986
1617,0.986
1618,0.987
1619,0.987
1620,0.987
1621,0.987
1622,0.988
1623,0.988
1624,0.988
1625,0.989
1626,0.989
1627,0.989
1628,0.989
1629,0.99
1630,0.99
1631,0.99
1632,0.991
1633,0.991
1634,0.991
1635,0.992
1636,0.992
1637,0.992
1638,0.992
1639,0.993
1640,0.993
1641,0.993
1642,0.994
1643,0.994
1644,0.994
1645,0.994
1646,0.995
1647,0.995
1648,0.995
1649,0.996
1650,0.996
1651,0.996
1652,0.996
1653,0.997
1654,0.997
1655,0.997
1656,0.998
1657,0.998
1658,0.998
1659,0.998
1660,0.999
1661,0.999
1662,0.999
1663,1
1664,1
1665,1
1666,1
1667,1.001
1668,1.001
1669,1.001
1670,1.002
1671,1.002
1672,1.002
1673,1.002
1674,1.003
1675,1.003
1676,1.003
1677,1.004
1678,1.004
1679,1.004
1680,1.004
1681,1.005
1682,1.005
1683,1.005
1684,1.006
1685,1.006
1686,1.006
1687,1.006
1688,1.007
1689,1.007
1690,1.007
1691,1.008
1692,1.008
1693,1.008
1694,1.008
1695,1.009
1696,1.009
1697,1.009
1698,1.01
1699,1.01
1700,1.01
1701,1.01
1702,1.011
1703,1.011
1704,1.011
1705,1.011
1706,1.012
1707,1.012
1708,1.012
1709,1.013
1710,1.013
1711,1.013
1712,1.013
1713,1.014
1714,1.014
1715,1.014
1716,1.015
1717,1.015
1718,1.015
1719,1.015
1720,1.016
1721,1.016
1722,1.016
1723,1.017
1724,1.017
1725,1.017
1726,1.017
1727,1.018
1728,1.018
1729,1.018
1730,1.018
1731,1.019
1732,1.019
1733,1.019
1734,1.02
1735,1.02
1736,1.02
1737,1.02
1738,1.021
1739,1.021
1740,1.021
1741,1.021
1742,1.022
1743,1.022
1744,1.022
1745,1.023
1746,1.023
1747,1.023
1748,1.023
1749,1.024
1750,1.024
1751,1.024
1752,1.024
1753,1.025
1754,1.025
1755,1.025
1756,1.026
1757,1.026
1758,1.026
1759,1.026
1760,1.027
1761,1.027
1762,1.027
1763,1.027
1764,1.028
1765,1.028
1766,1.028
1767,1.029
1768,1.029
1769,1.029
1770,1.029
1771,1.03
1772,1.03
1773,1.03
1774,1.03
1775,1.031
1776,1.031
1777,1.031
1778,1.031
1779,1.032
1780,1.032
1781,1.032
1782,1.033
1783,1.033
1784,1.033
1785,1.033
1786,1.034
1787,1.034
1788,1.034
1789,1.034
1790,1.035
1791,1.035
1792,1.035
1793,1.036
1794,1.036
1795,1.036
1796,1.036
1797,1.037
1798,1.037
1799,1.037
1800,1.037
1801,1.038
1802,1.038
1803,1.038
1804,1.038
1805,1.039
1806,1.039
1807,1.039
1808,1.039
1809,1.04
1810,1.04
1811,1.04
1812,1.041
1813,1.041
1814,1.041
1815,1.041
1816,1.042
1817,1.042
1818,1.042
1819,1.042
1820,1.043
1821,1.043
1822,1.043
1823,1.043
1824,1.044
1825,1.044
1826,1.044
1827,1.044
1828,1.045
1829,1.045
1830,1.045
1831,1.046
1832,1.046
1833,1.046
1834,1.046
1835,1.047
1836,1.047
1837,1.047
1838,1.047
1839,1.048
1840,1.048
1841,1.048
1842,1.048
1843,1.049
1844,1.049
1845,1.049
1846,1.049
1847,1.05
1848,1.05
1849,1.05
1850,1.05
1851,1.051
1852,1.051
1853,1.051
1854,1.051
1855,1.052
1856,1.052
1857,1.052
1858,1.053
1859,1.053
1860,1.053
1861,1.053
1862,1.054
1863,1.054
1864,1.054
1865,1.054
1866,1.055
1867,1.055
1868,1.055
1869,1.055
1870,1.056
1871,1.056
1872,1.056
1873,1.056
1874,1.057
1875,1.057
1876,1.057
1877,1.057
1878,1.058
1879,1.058
1880,1.058
1881,1.058
1882,1.059
1883,1.059
1884,1.059
1885,1.059
1886,1.06
1887,1.06
1888,1.06
1889,1.06
1890,1.061
1891,1.061
1892,1.061
1893,1.061
1894,1.062
1895,1.062
1896,1.062
1897,1.062
1898,1.063
1899,1.063
1900,1.063
1901,1.063
1902,1.064
1903,1.064
1904,1.064
1905,1.064
1906,1.065
1907,1.065
1908,1.065
1909,1.065
1910,1.066
1911,1.066
1912,1.066
1913,1.066
1914,1.067
1915,1.067
1916,1.067
1917,1.067
1918,1.068
1919,1.068
1920,1.068
1921,1.068
1922,1.069
1923,1.069
1924,1.069
1925,1.069
1926,1.07
1927,1.07
1928,1.07
1929,1.07
1930,1.071
1931,1.071
1932,1.071
1933,1.071
1934,1.072
1935,1.072
1936,1.072
1937,1.072
1938,1.073
1939,1.073
1940,1.073
1941,1.073
1942,1.074
1943,1.074
1944,1.074
1945,1.074
1946,1.075
1947,1.075
1948,1.075
1949,1.075
1950,1.076
1951,1.076
1952,1.076
1953,1.076
1954,1.077
1955,1.077
1956,1.077
1957,1.077
1958,1.078
1959,1.078
1960,1.078
1961,1.078
1962,1.079
1963,1.079
1964,1.079
1965,1.079
1966,1.08
1967,1.08
1968,1.08
1969,1.08
1970,1.08
1971,1.081
1972,1.081
1973,1.081
1974,1.081
1975,1.082
1976,1.082
1977,1.082
1978,1.082
1979,1.083
1980,1.083
1981,1.083
1982,1.083
1983,1.084
1984,1.084
1985,1.084
1986,1.084
1987,1.085
1988,1.085
1989,1.085
1990,1.085
1991,1.086
1992,1.086
1993,1.086
1994,1.086
1995,1.087
1996,1.087
1997,1.087
1998,1.087
1999,1.087
2000,1.088
2001,1.088
2002,1.088
2003,1.088
2004,1.089
2005,1.089
2006,1.089
2007,1.089
2008,1.09
2009,1.09
2010,1.09
2011,1.09
2012,1.091
2013,1.091
2014,1.091
2015,1.091
2016,1.092
2017,1.092
2018,1.092
2019,1.092
2020,1.092
2021,1.093
2022,1.093
2023,1.093
2024,1.093
2025,1.094
2026,1.094
2027,1.094
2028,1.094
2029,1.095
2030,1.095
2031,1.095
2032,1.095
2033,1.096
2034,1.096
2035,1.096
2036,1.096
2037,1.096
2038,1.097
2039,1.097
2040,1.097
2041,1.097
2042,1.098
2043,1.098
2044,1.098
2045,1.098
2046,1.099
2047,1.099
2048,1.099
2049,1.099
2050,1.1
2051,1.1
2052,1.1
2053,1.1
2054,1.1
2055,1.101
2056,1.101
2057,1.101
2058,1.101
2059,1.102
2060,1.102
2061,1.102
2062,1.102
2063,1.103
2064,1.103
2065,1.103
2066,1.103
2067,1.103
2068,1.104
2069,1.104
2070,1.104
2071,1.104
2072,1.105
2073,1.105
2074,1.105
2075,1.105
2076,1.106
2077,1.106
2078,1.106
2079,1.106
2080,1.106
2081,1.107
2082,1.107
2083,1.107
2084,1.107
2085,1.108
2086,1.108
2087,1.108
2088,1.108
2089,1.109
2090,1.109
2091,1.109
2092,1.109
2093,1.109
2094,1.11
2095,1.11
2096,1.11
2097,1.11
2098,1.111
2099,1.111
2100,1.111
2101,1.111
2102,1.111
2103,1.112
2104,1.112
2105,1.112
2106,1.112
2107,1.113
2108,1.113
2109,1.113
2110,1.113
2111,1.114
2112,1.114
2113,1.114
2114,1.114
2115,1.114
2116,1.115
2117,1.115
2118,1.115
2119,1.115
2120,1.116
2121,1.116
2122,1.116
2123,1.116
2124,1.116
2125,1.117
2126,1.117
2127,1.117
2128,1.117
2129,1.118
2130,1.118
2131,1.118
2132,1.118
2133,1.118
2134,1.119
2135,1.119
2136,1.119
2137,1.119
2138,1.12
2139,1.12
2140,1.12
2141,1.12
2142,1.12
2143,1.121
2144,1.121
2145,1.121
2146,1.121
2147,1.122
2148,1.122
2149,1.122
2150,1.122
2151,1.122
2152,1.123
2153,1.123
2154,1.123
2155,1.123
2156,1.124
2157,1.124
2158,1.124
2159,1.124
2160,1.124
2161,1.125
2162,1.125
2163,1.125
2164,1.125
2165,1.126
2166,1.126
2167,1.126
2168,1.126
2169,1.126
2170,1.127
2171,1.127
2172,1.127
2173,1.127
2174,1.128
2175,1.128
2176,1.128
2177,1.128
2178,1.128
2179,1.129
2180,1.129
2181,1.129
2182,1.129
2183,1.13
2184,1.13
2185,1.13
2186,1.13
2187,1.13
2188,1.131
2189,1.131
2190,1.131
2191,1.131
2192,1.131
2193,1.132
2194,1.132
2195,1.132
2196,1.132
2197,1.133
2198,1.133
2199,1.133
2200,1.133
2201,1.133
2202,1.134
2203,1.134
2204,1.134
2205,1.134
2206,1.135
2207,1.135
2208,1.135
2209,1.135
2210,1.135
2211,1.136
2212,1.136
2213,1.136
2214,1.136
2215,1.136
2216,1.137
2217,1.137
2218,1.137
2219,1.137
2220,1.138
2221,1.138
2222,1.138
2223,1.138
2224,1.138
2225,1.139
2226,1.139
2227,1.139
2228,1.139
2229,1.139
2230,1.14
2231,1.14
2232,1.14
2233,1.14
2234,1.141
2235,1.141
2236,1.141
2237,1.141
2238,1.141
2239,1.142
2240,1.142
2241,1.142
2242,1.142
2243,1.142
2244,1.143
2245,1.143
2246,1.143
2247,1.143
2248,1.144
2249,1.144
2250,1.144
2251,1.144
2252,1.144
2253,1.145
2254,1.145
2255,1.145
2256,1.145
2257,1.145
2258,1.146
2259,1.146
2260,1.146
2261,1.146
2262,1.146
2263,1.147
2264,1.147
2265,1.147
2266,1.147
2267,1.148
2268,1.148
2269,1.148
2270,1.148
2271,1.148
2272,1.149
2273,1.149
2274,1.149
2275,1.149
2276,1.149
2277,1.15
2278,1.15
2279,1.15
2280,1.15
2281,1.15
2282,1.151
2283,1.151
2284,1.151
2285,1.151
2286,1.152
2287,1.152
2288,1.152
2289,1.152
2290,1.152
2291,1.153
2292,1.153
2293,1.153
2294,1.153
2295,1.153
2296,1.154
2297,1.154
2298,1.154
2299,1.154
2300,1.154
2301,1.155
2302,1.155
2303,1.155
2304,1.155
2305,1.155
2306,1.156
2307,1.156
2308,1.156
2309,1.156
2310,1.156
2311,1.157
2312,1.157
2313,1.157
2314,1.157
2315,1.158
2316,1.158
2317,1.158
2318,1.158
2319,1.158
2320,1.159
2321,1.159
2322,1.159
2323,1.159
2324,1.159
2325,1.16
2326,1.16
2327,1.16
2328,1.16
2329,1.16
2330,1.161
2331,1.161
2332,1.161
2333,1.161
2334,1.161
2335,1.162
2336,1.162
2337,1.162
2338,1.162
2339,1.162
2340,1.163
2341,1.163
2342,1.163
2343,1.163
2344,1.163
2345,1.164
2346,1.164
2347,1.164
2348,1.164
2349,1.164
2350,1.165
2351,1.165
2352,1.165
2353,1.165
2354,1.165
2355,1.166
2356,1.166
2357,1.166
2358,1.166
2359,1.166
2360,1.167
2361,1.167
2362,1.167
2363,1.167
2364,1.167
2365,1.168
2366,1.168
2367,1.168
2368,1.168
2369,1.169
2370,1.169
2371,1.169
2372,1.169
2373,1.169
2374,1.17
2375,1.17
2376,1.17
2377,1.17
2378,1.17
2379,1.171
2380,1.171
2381,1.171
2382,1.171
2383,1.171
2384,1.172
2385,1.172
2386,1.172
2387,1.172
2388,1.172
2389,1.173
2390,1.173
2391,1.173
2392,1.173
2393,1.173
2394,1.173
2395,1.174
2396,1.174
2397,1.174
2398,1.174
2399,1.174
2400,1.175
2401,1.175
2402,1.175
2403,1.175
2404,1.175
2405,1.176
2406,1.176
2407,1.176
2408,1.176
2409,1.176
2410,1.177
2411,1.177
2412,1.177
2413,1.177
2414,1.177
2415,1.178
2416,1.178
2417,1.178
2418,1.178
2419,1.178
2420,1.179
2421,1.179
2422,1.179
2423,1.179
2424,1.179
2425,1.18
2426,1.18
2427,1.18
2428,1.18
2429,1.18
2430,1.181
2431,1.181
2432,1.181
2433,1.181
2434,1.181
2435,1.182
2436,1.182
2437,1.182
2438,1.182
2439,1.182
2440,1.183
2441,1.183
2442,1.183
2443,1.183
2444,1.183
2445,1.184
2446,1.184
2447,1.184
2448,1.184
2449,1.184
2450,1.184
2451,1.185
2452,1.185
2453,1.185
2454,1.185
2455,1.185
2456,1.186
2457,1.186
2458,1.186
2459,1.186
2460,1.186
2461,1.187
2462,1.187
2463,1.187
2464,1.187
2465,1.187
2466,1.188
2467,1.188
2468,1.188
2469,1.188
2470,1.188
2471,1.189
2472,1.189
2473,1.189
2474,1.189
2475,1.189
2476,1.19
2477,1.19
2478,1.19
2479,1.19
2480,1.19
2481,1.19
2482,1.191
2483,1.191
2484,1.191
2485,1.191
2486,1.191
2487,1.192
2488,1.192
2489,1.192
2490,1.192
2491,1.192
2492,1.193
2493,1.193
2494,1.193
2495,1.193
2496,1.193
2497,1.194
2498,1.194
2499,1.194
2500,1.194
2501,1.194
2502,1.194
2503,1.195
2504,1.195
2505,1.195
2506,1.195
2507,1.195
2508,1.196
2509,1.196
2510,1.196
2511,1.196
2512,1.196
2513,1.197
2514,1.197
2515,1.197
2516,1.197
2517,1.197
2518,1.197
2519,1.198
2520,1.198
2521,1.198
2522,1.198
2523,1.198
2524,1.199
2525,1.199
2526,1.199
2527,1.199
2528,1.199
2529,1.2
2530,1.2
2531,1.2
2532,1.2
2533,1.2
2534,1.2
2535,1.201
2536,1.201
2537,1.201
2538,1.201
2539,1.201
2540,1.202
2541,1.202
2542,1.202
2543,1.202
2544,1.202
2545,1.203
2546,1.203
2547,1.203
2548,1.203
2549,1.203
2550,1.203
2551,1.204
2552,1.204
2553,1.204
2554,1.204
2555,1.204
2556,1.205
2557,1.205
2558,1.205
2559,1.205
2560,1.205
2561,1.206
2562,1.206
2563,1.206
2564,1.206
2565,1.206
2566,1.206
2567,1.207
2568,1.207
2569,1.207
2570,1.207
2571,1.207
2572,1.208
2573,1.208
2574,1.208
2575,1.208
2576,1.208
2577,1.208
2578,1.209
2579,1.209
2580,1.209
2581,1.209
2582,1.209
2583,1.21
2584,1.21
2585,1.21
2586,1.21
2587,1.21
2588,1.21
2589,1.211
2590,1.211
2591,1.211
2592,1.211
2593,1.211
2594,1.212
2595,1.212
2596,1.212
2597,1.212
2598,1.212
2599,1.212
2600,1.213
2601,1.213
2602,1.213
2603,1.213
2604,1.213
2605,1.214
2606,1.214
2607,1.214
2608,1.214
2609,1.214
2610,1.214
2611,1.215
2612,1.215
2613,1.215
2614,1.215
2615,1.215
2616,1.216
2617,1.216
2618,1.216
2619,1.216
2620,1.216
2621,1.216
2622,1.217
2623,1.217
2624,1.217
2625,1.217
2626,1.217
2627,1.218
2628,1.218
2629,1.218
2630,1.218
2631,1.218
2632,1.218
2633,1.219
2634,1.219
2635,1.219
2636,1.219
2637,1.219
2638,1.22
2639,1.22
2640,1.22
2641,1.22
2642,1.22
2643,1.22
2644,1.221
2645,1.221
2646,1.221
2647,1.221
2648,1.221
2649,1.222
2650,1.222
2651,1.222
2652,1.222
2653,1.222
2654,1.222
2655,1.223
2656,1.223
2657,1.223
2658,1.223
2659,1.223
2660,1.223
2661,1.224
2662,1.224
2663,1.224
2664,1.224
2665,1.224
2666,1.225
2667,1.225
2668,1.225
2669,1.225
2670,1.225
2671,1.225
2672,1.226
2673,1.226
2674,1.226
2675,1.226
2676,1.226
2677,1.226
2678,1.227
2679,1.227
2680,1.227
2681,1.227
2682,1.227
2683,1.228
2684,1.228
2685,1.228
2686,1.228
2687,1.228
2688,1.228
2689,1.229
2690,1.229
2691,1.229
2692,1.229
2693,1.229
2694,1.229
2695,1.23
2696,1.23
2697,1.23
2698,1.23
2699,1.23
2700,1.231
2701,1.231
2702,1.231
2703,1.231
2704,1.231
2705,1.231
2706,1.232
2707,1.232
2708,1.232
2709,1.232
2710,1.232
2711,1.232
2712,1.233
2713,1.233
2714,1.233
2715,1.233
2716,1.233
2717,1.233
2718,1.234
2719,1.234
2720,1.234
2721,1.234
2722,1.234
2723,1.235
2724,1.235
2725,1.235
2726,1.235
2727,1.235
2728,1.235
2729,1.236
2730,1.236
2731,1.236
2732,1.236
2733,1.236
2734,1.236
2735,1.237
2736,1.237
2737,1.237
2738,1.237
2739,1.237
2740,1.237
2741,1.238
2742,1.238
2743,1.238
2744,1.238
2745,1.238
2746,1.238
2747,1.239
2748,1.239
2749,1.239
2750,1.239
2751,1.239
2752,1.24
2753,1.24
2754,1.24
2755,1.24
2756,1.24
2757,1.24
2758,1.241
2759,1.241
2760,1.241
2761,1.241
2762,1.241
2763,1.241
2764,1.242
2765,1.242
2766,1.242
2767,1.242
2768,1.242
2769,1.242
2770,1.243
2771,1.243
2772,1.243
2773,1.243
2774,1.243
2775,1.243
2776,1.244
2777,1.244
2778,1.244
2779,1.244
2780,1.244
2781,1.244
2782,1.245
2783,1.245
2784,1.245
2785,1.245
2786,1.245
2787,1.245
2788,1.246
2789,1.246
2790,1.246
2791,1.246
2792,1.246
2793,1.246
2794,1.247
2795,1.247
2796,1.247
2797,1.247
2798,1.247
2799,1.247
2800,1.248
2801,1.248
2802,1.248
2803,1.248
2804,1.248
2805,1.248
2806,1.249
2807,1.249
2808,1.249
2809,1.249
2810,1.249
2811,1.249
2812,1.25
2813,1.25
2814,1.25
2815,1.25
2816,1.25
2817,1.25
2818,1.251
2819,1.251
2820,1.251
2821,1.251
2822,1.251
2823,1.251
2824,1.252
2825,1.252
2826,1.252
2827,1.252
2828,1.252
2829,1.252
2830,1.253
2831,1.253
2832,1.253
2833,1.253
2834,1.253
2835,1.253
2836,1.254
2837,1.254
2838,1.254
2839,1.254
2840,1.254
2841,1.254
2842,1.255
2843,1.255
2844,1.255
2845,1.255
2846,1.255
2847,1.255
2848,1.256
2849,1.256
2850,1.256
2851,1.256
2852,1.256
2853,1.256
2854,1.257
2855,1.257
2856,1.257
2857,1.257
2858,1.257
2859,1.257
2860,1.258
2861,1.258
2862,1.258
2863,1.258
2864,1.258
2865,1.258
2866,1.259
2867,1.259
2868,1.259
2869,1.259
2870,1.259
2871,1.259
2872,1.26
2873,1.26
2874,1.26
2875,1.26
2876,1.26
2877,1.26
2878,1.261
2879,1.261
2880,1.261
2881,1.261
2882,1.261
2883,1.261
2884,1.262
2885,1.262
2886,1.262
2887,1.262
2888,1.262
2889,1.262
2890,1.263
2891,1.263
2892,1.263
2893,1.263
2894,1.263
2895,1.263
2896,1.263
2897,1.264
2898,1.264
2899,1.264
2900,1.264
2901,1.264
2902,1.264
2903,1.265
2904,1.265
2905,1.265
2906,1.265
2907,1.265
2908,1.265
2909,1.266
2910,1.266
2911,1.266
2912,1.266
2913,1.266
2914,1.266
2915,1.267
2916,1.267
2917,1.267
2918,1.267
2919,1.267
2920,1.267
2921,1.268
2922,1.268
2923,1.268
2924,1.268
2925,1.268
2926,1.268
2927,1.268
2928,1.269
2929,1.269
2930,1.269
2931,1.269
2932,1.269
2933,1.269
2934,1.27
2935,1.27
2936,1.27
2937,1.27
2938,1.27
2939,1.27
2940,1.271
2941,1.271
2942,1.271
2943,1.271
2944,1.271
2945,1.271
2946,1.272
2947,1.272
2948,1.272
2949,1.272
2950,1.272
2951,1.272
2952,1.272
2953,1.273
2954,1.273
2955,1.273
2956,1.273
2957,1.273
2958,1.273
2959,1.274
2960,1.274
2961,1.274
2962,1.274
2963,1.274
2964,1.274
2965,1.275
2966,1.275
2967,1.275
2968,1.275
2969,1.275
2970,1.275
2971,1.275
2972,1.276
2973,1.276
2974,1.276
2975,1.276
2976,1.276
2977,1.276
2978,1.277
2979,1.277
2980,1.277
2981,1.277
2982,1.277
2983,1.277
2984,1.277
2985,1.278
2986,1.278
2987,1.278
2988,1.278
2989,1.278
2990,1.278
2991,1.279
2992,1.279
2993,1.279
2994,1.279
2995,1.279
2996,1.279
2997,1.28
2998,1.28
2999,1.28
3000,1.28
3001,1.28
3002,1.28
3003,1.28
3004,1.281
3005,1.281
3006,1.281
3007,1.281
3008,1.281
3009,1.281
3010,1.282
3011,1.282
3012,1.282
3013,1.282
3014,1.282
3015,1.282
3016,1.282
3017,1.283
3018,1.283
3019,1.283
3020,1.283
3021,1.283
3022,1.283
3023,1.284
3024,1.284
3025,1.284
3026,1.284
3027,1.284
3028,1.284
3029,1.284
3030,1.285
3031,1.285
3032,1.285
3033,1.285
3034,1.285
3035,1.285
3036,1.286
3037,1.286
3038,1.286
3039,1.286
3040,1.286
3041,1.286
3042,1.286
3043,1.287
3044,1.287
3045,1.287
3046,1.287
3047,1.287
3048,1.287
3049,1.288
3050,1.288
3051,1.288
3052,1.288
3053,1.288
3054,1.288
3055,1.288
3056,1.289
3057,1.289
3058,1.289
3059,1.289
3060,1.289
3061,1.289
3062,1.29
3063,1.29
3064,1.29
3065,1.29
3066,1.29
3067,1.29
3068,1.29
3069,1.291
3070,1.291
3071,1.291
3072,1.291
3073,1.291
3074,1.291
3075,1.292
3076,1.292
3077,1.292
3078,1.292
3079,1.292
3080,1.292
3081,1.292
3082,1.293
3083,1.293
3084,1.293
3085,1.293
3086,1.293
3087,1.293
3088,1.293
3089,1.294
3090,1.294
3091,1.294
3092,1.294
3093,1.294
3094,1.294
3095,1.295
3096,1.295
3097,1.295
3098,1.295
3099,1.295
3100,1.295
3101,1.295
3102,1.296
3103,1.296
3104,1.296
3105,1.296
3106,1.296
3107,1.296
3108,1.296
3109,1.297
3110,1.297
3111,1.297
3112,1.297
3113,1.297
3114,1.297
3115,1.298
3116,1.298
3117,1.298
3118,1.298
3119,1.298
3120,1.298
3121,1.298
3122,1.299
3123,1.299
3124,1.299
3125,1.299
3126,1.299
3127,1.299
3128,1.299
3129,1.3
3130,1.3
3131,1.3
3132,1.3
3133,1.3
3134,1.3
3135,1.301
3136,1.301
3137,1.301
3138,1.301
3139,1.301
3140,1.301
3141,1.301
3142,1.302
3143,1.302
3144,1.302
3145,1.302
3146,1.302
3147,1.302
3148,1.302
3149,1.303
3150,1.303
3151,1.303
3152,1.303
3153,1.303
3154,1.303
3155,1.303
3156,1.304
3157,1.304
3158,1.304
3159,1.304
3160,1.304
3161,1.304
3162,1.304
3163,1.305
3164,1.305
3165,1.305
3166,1.305
3167,1.305
3168,1.305
3169,1.306
3170,1.306
3171,1.306
3172,1.306
3173,1.306
3174,1.306
3175,1.306
3176,1.307
3177,1.307
3178,1.307
3179,1.307
3180,1.307
3181,1.307
3182,1.307
3183,1.308
3184,1.308
3185,1.308
3186,1.308
3187,1.308
3188,1.308
3189,1.308
3190,1.309
3191,1.309
3192,1.309
3193,1.309
3194,1.309
3195,1.309
3196,1.309
3197,1.31
3198,1.31
3199,1.31
3200,1.31
3201,1.31
3202,1.31
3203,1.31
3204,1.311
3205,1.311
3206,1.311
3207,1.311
3208,1.311
3209,1.311
3210,1.311
3211,1.312
3212,1.312
3213,1.312
3214,1.312
3215,1.312
3216,1.312
3217,1.312
3218,1.313
3219,1.313
3220,1.313
3221,1.313
3222,1.313
3223,1.313
3224,1.313
3225,1.314
3226,1.314
3227,1.314
3228,1.314
3229,1.314
3230,1.314
3231,1.314
3232,1.315
3233,1.315
3234,1.315
3235,1.315
3236,1.315
3237,1.315
3238,1.315
3239,1.316
3240,1.316
3241,1.316
3242,1.316
3243,1.316
3244,1.316
3245,1.316
3246,1.317
3247,1.317
3248,1.317
3249,1.317
3250,1.317
3251,1.317
3252,1.317
3253,1.318
3254,1.318
3255,1.318
3256,1.318
3257,1.318
3258,1.318
3259,1.318
3260,1.319
3261,1.319
3262,1.319
3263,1.319
3264,1.319
3265,1.319
3266,1.319
3267,1.32
3268,1.32
3269,1.32
3270,1.32
3271,1.32
3272,1.32
3273,1.32
3274,1.321
3275,1.321
3276,1.321
3277,1.321
3278,1.321
3279,1.321
3280,1.321
3281,1.322
3282,1.322
3283,1.322
3284,1.322
3285,1.322
3286,1.322
3287,1.322
3288,1.323
3289,1.323
3290,1.323
3291,1.323
3292,1.323
3293,1.323
3294,1.323
3295,1.324
3296,1.324
3297,1.324
3298,1.324
3299,1.324
3300,1.324
3301,1.324
3302,1.325
3303,1.325
3304,1.325
3305,1.325
3306,1.325
3307,1.325
3308,1.325
3309,1.326
3310,1.326
3311,1.326
3312,1.326
3313,1.326
3314,1.326
3315,1.326
3316,1.326
3317,1.327
3318,1.327
3319,1.327
3320,1.327
3321,1.327
3322,1.327
3323,1.327
3324,1.328
3325,1.328
3326,1.328
3327,1.328
3328,1.328
3329,1.328
3330,1.328
3331,1.329
3332,1.329
3333,1.329
3334,1.329
3335,1.329
3336,1.329
3337,1.329
3338,1.33
3339,1.33
3340,1.33
3341,1.33
3342,1.33
3343,1.33
3344,1.33
3345,1.331
3346,1.331
3347,1.331
3348,1.331
3349,1.331
3350,1.331
3351,1.331
3352,1.331
3353,1.332
3354,1.332
3355,1.332
3356,1.332
3357,1.332
3358,1.332
3359,1.332
3360,1.333
3361,1.333
3362,1.333
3363,1.333
3364,1.333
3365,1.333
3366,1.333
3367,1.334
3368,1.334
3369,1.334
3370,1.334
3371,1.334
3372,1.334
3373,1.334
3374,1.334
3375,1.335
3376,1.335
3377,1.335
3378,1.335
3379,1.335
3380,1.335
3381,1.335
3382,1.336
3383,1.336
3384,1.336
3385,1.336
3386,1.336
3387,1.336
3388,1.336
3389,1.337
3390,1.337
3391,1.337
3392,1.337
3393,1.337
3394,1.337
3395,1.337
3396,1.337
3397,1.338
3398,1.338
3399,1.338
3400,1.338
3401,1.338
3402,1.338
3403,1.338
3404,1.339
3405,1.339
3406,1.339
3407,1.339
3408,1.339
3409,1.339
3410,1.339
3411,1.339
3412,1.34
3413,1.34
3414,1.34
3415,1.34
3416,1.34
3417,1.34
3418,1.34
3419,1.341
3420,1.341
3421,1.341
3422,1.341
3423,1.341
3424,1.341
3425,1.341
3426,1.342
3427,1.342
3428,1.342
3429,1.342
3430,1.342
3431,1.342
3432,1.342
3433,1.342
3434,1.343
3435,1.343
3436,1.343
3437,1.343
3438,1.343
3439,1.343
3440,1.343
3441,1.344
3442,1.344
3443,1.344
3444,1.344
3445,1.344
3446,1.344
3447,1.344
3448,1.344
3449,1.345
3450,1.345
3451,1.345
3452,1.345
3453,1.345
3454,1.345
3455,1.345
3456,1.346
3457,1.346
3458,1.346
3459,1.346
3460,1.346
3461,1.346
3462,1.346
3463,1.346
3464,1.347
3465,1.347
3466,1.347
3467,1.347
3468,1.347
3469,1.347
3470,1.347
3471,1.347
3472,1.348
3473,1.348
3474,1.348
3475,1.348
3476,1.348
3477,1.348
3478,1.348
3479,1.349
3480,1.349
3481,1.349
3482,1.349
3483,1.349
3484,1.349
3485,1.349
3486,1.349
3487,1.35
3488,1.35
3489,1.35
3490,1.35
3491,1.35
3492,1.35
3493,1.35
3494,1.351
3495,1.351
3496,1.351
3497,1.351
3498,1.351
3499,1.351
3500,1.351
3501,1.351
3502,1.352
3503,1.352
3504,1.352
3505,1.352
3506,1.352
3507,1.352
3508,1.352
3509,1.352
3510,1.353
3511,1.353
3512,1.353
3513,1.353
3514,1.353
3515,1.353
3516,1.353
3517,1.354
3518,1.354
3519,1.354
3520,1.354
3521,1.354
3522,1.354
3523,1.354
3524,1.354
3525,1.355
3526,1.355
3527,1.355
3528,1.355
3529,1.355
3530,1.355
3531,1.355
3532,1.355
3533,1.356
3534,1.356
3535,1.356
3536,1.356
3537,1.356
3538,1.356
3539,1.356
3540,1.356
3541,1.357
3542,1.357
3543,1.357
3544,1.357
3545,1.357
3546,1.357
3547,1.357
3548,1.358
3549,1.358
3550,1.358
3551,1.358
3552,1.358
3553,1.358
3554,1.358
3555,1.358
3556,1.359
3557,1.359
3558,1.359
3559,1.359
3560,1.359
3561,1.359
3562,1.359
3563,1.359
3564,1.36
3565,1.36
3566,1.36
3567,1.36
3568,1.36
3569,1.36
3570,1.36
3571,1.36
3572,1.361
3573,1.361
3574,1.361
3575,1.361
3576,1.361
3577,1.361
3578,1.361
3579,1.361
3580,1.362
3581,1.362
3582,1.362
3583,1.362
3584,1.362
3585,1.362
3586,1.362
3587,1.363
3588,1.363
3589,1.363
3590,1.363
3591,1.363
3592,1.363
3593,1.363
3594,1.363
3595,1.364
3596,1.364
3597,1.364
3598,1.364
3599,1.364
3600,1.364
3601,1.364
3602,1.364
3603,1.365
3604,1.365
3605,1.365
3606,1.365
3607,1.365
3608,1.365
3609,1.365
3610,1.365
3611,1.366
3612,1.366
3613,1.366
3614,1.366
3615,1.366
3616,1.366
3617,1.366
3618,1.366
3619,1.367
3620,1.367
3621,1.367
3622,1.367
3623,1.367
3624,1.367
3625,1.367
3626,1.367
3627,1.368
3628,1.368
3629,1.368
3630,1.368
3631,1.368
3632,1.368
3633,1.368
3634,1.368
3635,1.369
3636,1.369
3637,1.369
3638,1.369
3639,1.369
3640,1.369
3641,1.369
3642,1.369
3643,1.37
3644,1.37
3645,1.37
3646,1.37
3647,1.37
3648,1.37
3649,1.37
3650,1.37
3651,1.371
3652,1.371
3653,1.371
3654,1.371
3655,1.371
3656,1.371
3657,1.371
3658,1.371
3659,1.372
3660,1.372
3661,1.372
3662,1.372
3663,1.372
3664,1.372
3665,1.372
3666,1.372
3667,1.373
3668,1.373
3669,1.373
3670,1.373
3671,1.373
3672,1.373
3673,1.373
3674,1.373
3675,1.374
3676,1.374
3677,1.374
3678,1.374
3679,1.374
3680,1.374
3681,1.374
3682,1.374
3683,1.375
3684,1.375
3685,1.375
3686,1.375
3687,1.375
3688,1.375
3689,1.375
3690,1.375
3691,1.376
3692,1.376
3693,1.376
3694,1.376
3695,1.376
3696,1.376
3697,1.376
3698,1.376
3699,1.376
3700,1.377
3701,1.377
3702,1.377
3703,1.377
3704,1.377
3705,1.377
3706,1.377
3707,1.377
3708,1.378
3709,1.378
3710,1.378
3711,1.378
3712,1.378
3713,1.378
3714,1.378
3715,1.378
3716,1.379
3717,1.379
3718,1.379
3719,1.379
3720,1.379
3721,1.379
3722,1.379
3723,1.379
3724,1.38
3725,1.38
3726,1.38
3727,1.38
3728,1.38
3729,1.38
3730,1.38
3731,1.38
3732,1.381
3733,1.381
3734,1.381
3735,1.381
3736,1.381
3737,1.381
3738,1.381
3739,1.381
3740,1.381
3741,1.382
3742,1.382
3743,1.382
3744,1.382
3745,1.382
3746,1.382
3747,1.382
3748,1.382
3749,1.383
3750,1.383
3751,1.383
3752,1.383
3753,1.383
3754,1.383
3755,1.383
3756,1.383
3757,1.384
3758,1.384
3759,1.384
3760,1.384
3761,1.384
3762,1.384
3763,1.384
3764,1.384
3765,1.384
3766,1.385
3767,1.385
3768,1.385
3769,1.385
3770,1.385
3771,1.385
3772,1.385
3773,1.385
3774,1.386
3775,1.386
3776,1.386
3777,1.386
3778,1.386
3779,1.386
3780,1.386
3781,1.386
3782,1.387
3783,1.387
3784,1.387
3785,1.387
3786,1.387
3787,1.387
3788,1.387
3789,1.387
3790,1.387
3791,1.388
3792,1.388
3793,1.388
3794,1.388
3795,1.388
3796,1.388
3797,1.388
3798,1.388
3799,1.389
3800,1.389
3801,1.389
3802,1.389
3803,1.389
3804,1.389
3805,1.389
3806,1.389
3807,1.389
3808,1.39
3809,1.39
3810,1.39
3811,1.39
3812,1.39
3813,1.39
3814,1.39
3815,1.39
3816,1.391
3817,1.391
3818,1.391
3819,1.391
3820,1.391
3821,1.391
3822,1.391
3823,1.391
3824,1.392
3825,1.392
3826,1.392
3827,1.392
3828,1.392
3829,1.392
3830,1.392
3831,1.392
3832,1.392
3833,1.393
3834,1.393
3835,1.393
3836,1.393
3837,1.393
3838,1.393
3839,1.393
3840,1.393
3841,1.393
3842,1.394
3843,1.394
3844,1.394
3845,1.394
3846,1.394
3847,1.394
3848,1.394
3849,1.394
3850,1.395
3851,1.395
3852,1.395
3853,1.395
3854,1.395
3855,1.395
3856,1.395
3857,1.395
3858,1.395
3859,1.396
3860,1.396
3861,1.396
3862,1.396
3863,1.396
3864,1.396
3865,1.396
3866,1.396
3867,1.397
3868,1.397
3869,1.397
3870,1.397
3871,1.397
3872,1.397
3873,1.397
3874,1.397
3875,1.397
3876,1.398
3877,1.398
3878,1.398
3879,1.398
3880,1.398
3881,1.398
3882,1.398
3883,1.398
3884,1.399
3885,1.399
3886,1.399
3887,1.399
3888,1.399
3889,1.399
3890,1.399
3891,1.399
3892,1.399
3893,1.4
3894,1.4
3895,1.4
3896,1.4
3897,1.4
3898,1.4
3899,1.4
3900,1.4
3901,1.4
3902,1.401
3903,1.401
3904,1.401
3905,1.401
3906,1.401
3907,1.401
3908,1.401
3909,1.401
3910,1.401
3911,1.402
3912,1.402
3913,1.402
3914,1.402
3915,1.402
3916,1.402
3917,1.402
3918,1.402
3919,1.403
3920,1.403
3921,1.403
3922,1.403
3923,1.403
3924,1.403
3925,1.403
3926,1.403
3927,1.403
3928,1.404
3929,1.404
3930,1.404
3931,1.404
3932,1.404
3933,1.404
3934,1.404
3935,1.404
3936,1.404
3937,1.405
3938,1.405
3939,1.405
3940,1.405
3941,1.405
3942,1.405
3943,1.405
3944,1.405
3945,1.405
3946,1.406
3947,1.406
3948,1.406
3949,1.406
3950,1.406
3951,1.406
3952,1.406
3953,1.406
3954,1.407
3955,1.407
3956,1.407
3957,1.407
3958,1.407
3959,1.407
3960,1.407
3961,1.407
3962,1.407
3963,1.408
3964,1.408
3965,1.408
3966,1.408
3967,1.408
3968,1.408
3969,1.408
3970,1.408
3971,1.408
3972,1.409
3973,1.409
3974,1.409
3975,1.409
3976,1.409
3977,1.409
3978,1.409
3979,1.409
3980,1.409
3981,1.41
3982,1.41
3983,1.41
3984,1.41
3985,1.41
3986,1.41
3987,1.41
3988,1.41
3989,1.41
3990,1.411
3991,1.411
3992,1.411
3993,1.411
3994,1.411
3995,1.411
3996,1.411
3997,1.411
3998,1.411
3999,1.412
4000,1.412
